{"Epoch": 3, "Step": 200, "Total": 5.973637104034424, "CE": 5.973637104034424, "feat": null, "_timestamp": 1704928786.6068053, "_runtime": 1093.8459362983704, "_step": 68, "epoch": 2, "train_all": 0.019781872234513276, "train_many": 0.006409817967911801, "train_median": 5.3642313056539e-05, "train_low": 0.0, "val_all": 0.003, "val_many": 0.007772020725388601, "val_median": 0.0, "val_low": 0.0, "val_fscore": 0.00032501880877744904}