{"Epoch": 3, "Step": 50, "Total": 5.980997085571289, "CE": 5.980997085571289, "feat": null, "_timestamp": 1704928582.7225206, "_runtime": 889.9616515636444, "_step": 53, "epoch": 2, "train_all": 0.019781872234513276, "train_many": 0.006409817967911801, "train_median": 5.3642313056539e-05, "train_low": 0.0, "val_all": 0.003, "val_many": 0.007772020725388601, "val_median": 0.0, "val_low": 0.0, "val_fscore": 0.00032501880877744904}