{"Epoch": 1, "Step": 40, "Total": 7.371152877807617, "CE": 7.371152877807617, "feat": null, "_timestamp": 1704416185.202428, "_runtime": 228.48491215705872, "_step": 4}