{"Epoch": 1, "Step": 0, "Total": 7.068078994750977, "CE": 7.068078994750977, "feat": null, "_timestamp": 1704926541.5740864, "_runtime": 60.750956535339355, "_step": 0, "_wandb": {"runtime": 72}}